Workbook
Name Employeesalarydata: Table1[]

Sheet Raw_data
A1: Employee_ID | B1: Employee_name | C1: Departmeant | D1: Basic_salary | E1: Bonus | F1: Total_salary
A2: E001 | B2: RAVI | C2: IT | D2: 25000 | E2: 3000 | F2: =D2+E2 -> 28000
A3: E002 | B3: SITA | C3: HR | D3: 22000 | E3: 2500 | F3: =D3+E3 -> 24500
A4: E003 | B4: CHERRY | C4: SALES | D4: 28000 | E4: 3500 | F4: =D4+E4 -> 31500
A5: E004 | B5: MUNNA | C5: IT | D5: 30000 | E5: 4000 | F5: =D5+E5 -> 34000
A6: E005 | B6: ASHA | C6: FINANCE | D6: 27000 | E6: 3000 | F6: =D6+E6 -> 30000
A7: E006 | B7: SUBHAN | C7: SALES | D7: 24000 | E7: 2500 | F7: =D7+E7 -> 26500
A8: E007 | B8: SASI | C8: HR | D8: 26000 | E8: 3000 | F8: =D8+E8 -> 29000
A9: E008 | B9: RAHUL | C9: IT | D9: 32000 | E9: 4500 | F9: =D9+E9 -> 36500
A10: E009 | B10: KIRAN | C10: FINANCE | D10: 29000 | E10: 3500 | F10: =D10+E10 -> 32500
A11: E010 | B11: NEHA | C11: SALES | D11: 23000 | E11: 2000 | F11: =D11+E11 -> 25000

Sheet summary
A1: Emplyee salary | B1: summary
A3: Total Employee | B3: =COUNTA(Raw_data!A2:A11) -> 10
A4: Total salary | B4: =SUM(Raw_data!F2:F11) -> 297500
A5: Average salary | B5: =AVERAGE(Raw_data!F2:F11) -> 29750
A6: Highest salary | B6: =MAX(Raw_data!F2:F11) -> 36500
A7: Lowest salary | B7: =MIN(Raw_data!F2:F11) -> 24500
A10: Departmeant | B10: Employee_count | C10: Total_salary | D10: Average_salary
A11: IT | B11: =COUNTIF(Raw_data!C2:C11,A11) -> 3 | C11: =SUMIF(Raw_data!C2:C11,A11,Raw_data!F2:F11) -> 98500 | D11: =AVERAGEIF(Raw_data!C2:C11,A11,Raw_data!F2:F11) -> 32833.333
A12: HR | B12: =COUNTIF(Raw_data!C2:C11,A12) -> 2 | C12: =SUMIF(Raw_data!C2:C11,A12,Raw_data!F2:F11) -> 53500 | D12: =AVERAGEIF(Raw_data!C2:C11,A12,Raw_data!F2:F11) -> 26750
A13: SALES | B13: =COUNTIF(Raw_data!C2:C11,A13) -> 3 | C13: =SUMIF(Raw_data!C2:C11,A13,Raw_data!F2:F11) -> 83000 | D13: =AVERAGEIF(Raw_data!C2:C11,A13,Raw_data!F2:F11) -> 27666.667
A14: FINANCE | B14: =COUNTIF(Raw_data!C2:C11,A14) -> 2 | C14: =SUMIF(Raw_data!C2:C11,A14,Raw_data!F2:F11) -> 62500 | D14: =AVERAGEIF(Raw_data!C2:C11,A14,Raw_data!F2:F11) -> 31250

Sheet Dashboard
A1: Employee salary dashboard
A3: Total employees | B3: =summary!B3 -> 10 | D3: Departmeant | E3: Total salary
A4: Total salary | B4: =summary!B4 -> 297500 | D4: IT | E4: 98500
A5: Average salary | B5: =summary!B5 -> 29750 | D5: HR | E5: 53500
A6: Highest salary | B6: =summary!B6 -> 36500 | D6: Sales | E6: 83000
A7: Lowest salary | B7: =summary!B7 -> 24500 | D7: Finance | E7: 62500
A10: Business insights
A11: IT has the highest average salary at 32,833.33 | D11: Departmeant | E11: Average salary
A12: IT has the highest total salary at 98,500 | D12: IT | E12: 32833.33
A13: Finance has the second-highest average salary at 31,250 | D13: HR | E13: 26750
A14: HR has the lowest average salary at 26,750 | D14: SALES | E14: 27666.67
A15: Total salary across all employees is 297,500 | D15: FINANCE | E15: 31250
