Workbook

Sheet Project Info
A1: EMPLOYEE SALARY ANALYSIS DASHBOARD
A4: Project | B4: Employee Salary Analysis Dashboard
A5: Objective | B5: Analyze employee salary patterns and department-wise salary distribution.
A6: Tools | B6: Microsoft Excel, formulas, summary analysis and charts
A7: KPIs | B7: Total Employees, Total Salary, Average Salary, Highest Salary, Lowest Salary
A8: Business Analysis | B8: Department-wise salary comparison and workforce insights
A9: Portfolio Output | B9: Professional Excel dashboard suitable for resume/GitHub/LinkedIn

Sheet Raw Data
A1: Employee Name | B1: Department | C1: Designation | D1: Salary (₹)
A2: Amit Kumar | B2: IT | C2: Director | D2: 1500000
A3: Priya Sharma | B3: IT | C3: Engineering Manager | D3: 1250000
A4: Rahul Verma | B4: Finance | C4: Finance Manager | D4: 1000000
A5: Neha Singh | B5: Operations | C5: Operations Manager | D5: 950000
A6: Vikram Patel | B6: Sales | C6: Sales Manager | D6: 900000
A7: Anjali Rao | B7: IT | C7: Senior Developer | D7: 850000
A8: Suresh Kumar | B8: Sales | C8: Senior Executive | D8: 800000
A9: Pooja Reddy | B9: Finance | C9: Senior Analyst | D9: 780000
A10: Kiran Das | B10: Operations | C10: Team Lead | D10: 760000
A11: Meena Devi | B11: Marketing | C11: Marketing Manager | D11: 750000
A12: Arjun Rao | B12: IT | C12: Developer | D12: 720000
A13: Sneha Patel | B13: Sales | C13: Executive | D13: 700000
... A56: Ayesha Khan | B56: HR | C56: HR Executive | D56: 370000

Sheet Summary
A1: Department | B1: Employees | C1: Total Salary (₹) | D1: Average Salary (₹)
A2: HR | B2: =COUNTIF('Raw Data'!B:B,A2) | C2: =SUMIF('Raw Data'!B:B,A2,'Raw Data'!D:D) | D2: =IFERROR(C2/B2,0)
A3: Finance | B3: =COUNTIF('Raw Data'!B:B,A3) | C3: =SUMIF('Raw Data'!B:B,A3,'Raw Data'!D:D) | D3: =IFERROR(C3/B3,0)
A4: IT | B4: =COUNTIF('Raw Data'!B:B,A4) | C4: =SUMIF('Raw Data'!B:B,A4,'Raw Data'!D:D) | D4: =IFERROR(C4/B4,0)
A5: Sales | B5: =COUNTIF('Raw Data'!B:B,A5) | C5: =SUMIF('Raw Data'!B:B,A5,'Raw Data'!D:D) | D5: =IFERROR(C5/B5,0)
A6: Marketing | B6: =COUNTIF('Raw Data'!B:B,A6) | C6: =SUMIF('Raw Data'!B:B,A6,'Raw Data'!D:D) | D6: =IFERROR(C6/B6,0)
A7: Operations | B7: =COUNTIF('Raw Data'!B:B,A7) | C7: =SUMIF('Raw Data'!B:B,A7,'Raw Data'!D:D) | D7: =IFERROR(C7/B7,0)
A8: Grand Total | B8: =COUNTA('Raw Data'!A:A)-1 | C8: =SUM('Raw Data'!D:D) | D8: =IFERROR(C8/B8,0)

Sheet Dashboard
A1: EMPLOYEE SALARY ANALYSIS DASHBOARD
A4: TOTAL EMPLOYEES | C4: TOTAL SALARY | E4: AVERAGE SALARY | G4: HIGHEST SALARY | I4: LOWEST SALARY
A5: =Summary!B8 | C5: =Summary!C8 | E5: =Summary!D8 | G5: =MAX('Raw Data'!D2:D56) | I5: =MIN('Raw Data'!D2:D56)
A8: DEPARTMENT-WISE TOTAL SALARY | F8: DEPARTMENT-WISE AVERAGE SALARY
A24: DEPARTMENT SUMMARY | F24: KEY INSIGHTS
A25: Department | B25: Employees | C25: Total Salary (₹) | D25: Average Salary (₹)
A26: =Summary!A2 | B26: =Summary!B2 | C26: =Summary!C2 | D26: =Summary!D2 | F26: • Compare department salary costs
A27: =Summary!A3 | B27: =Summary!B3 | C27: =Summary!C3 | D27: =Summary!D3 | F27: • Identify highest average salary department
A28: =Summary!A4 | B28: =Summary!B4 | C28: =Summary!C4 | D28: =Summary!D4 | F28: • Review highest and lowest salaries
A29: =Summary!A5 | B29: =Summary!B5 | C29: =Summary!C5 | D29: =Summary!D5 | F29: • Use findings for workforce decisions
A30: =Summary!A6 | B30: =Summary!B6 | C30: =Summary!C6 | D30: =Summary!D6
A31: =Summary!A7 | B31: =Summary!B7 | C31: =Summary!C7 | D31: =Summary!D7
